<?xml version="1.0" encoding="UTF-8"?>
<!DOCTYPE plist PUBLIC "-//Apple//DTD PLIST 1.0//EN" "http://www.apple.com/DTDs/PropertyList-1.0.dtd">
<plist version="1.0">
<dict>
	<key>LayoutID</key>
	<integer>86</integer>
	<key>PathMapRef</key>
	<array>
		<dict>
			<key>CodecID</key>
			<array>
				<integer>283902569</integer>
			</array>
			<key>Headphone</key>
			<dict>
				<key>AmpPreDelay</key>
				<integer>50</integer>
				<key>Headset_dBV</key>
				<integer>-1055916032</integer>
				<key>MuteGPIO</key>
				<integer>0</integer>
			</dict>
			<key>Inputs</key>
			<array>
				<string>Mic</string>
				<string>LineIn</string>
			</array>
			<key>IntSpeaker</key>
			<dict/>
			<key>LineIn</key>
			<dict>
				<key>MuteGPIO</key>
				<integer>1342242840</integer>
			</dict>
			<key>LineOut</key>
			<dict>
				<key>AmpPostDelay</key>
				<integer>100</integer>
				<key>AmpPreDelay</key>
				<integer>100</integer>
				<key>MaximumBootBeepValue</key>
				<integer>48</integer>
				<key>SignalProcessing</key>
				<dict>
					<key>SoftwareDSP</key>
					<dict>
						<key>DspFunction0</key>
						<dict>
							<key>FunctionInfo</key>
							<dict>
								<key>DspFuncInstance</key>
								<integer>0</integer>
								<key>DspFuncName</key>
								<string>DspVirtualization</string>
								<key>DspFuncProcessingIndex</key>
								<integer>0</integer>
							</dict>
							<key>ParameterInfo</key>
							<dict>
								<key>1</key>
								<integer>0</integer>
								<key>10</key>
								<integer>0</integer>
								<key>11</key>
								<integer>1</integer>
								<key>12</key>
								<integer>-1060850508</integer>
								<key>13</key>
								<integer>-1048128813</integer>
								<key>14</key>
								<integer>10</integer>
								<key>15</key>
								<integer>209</integer>
								<key>16</key>
								<integer>-1046185863</integer>
								<key>17</key>
								<integer>5</integer>
								<key>18</key>
								<integer>182</integer>
								<key>19</key>
								<integer>418</integer>
								<key>2</key>
								<integer>0</integer>
								<key>20</key>
								<integer>-1045969980</integer>
								<key>21</key>
								<integer>3</integer>
								<key>22</key>
								<integer>1786</integer>
								<key>23</key>
								<integer>4437</integer>
								<key>24</key>
								<integer>-1045754097</integer>
								<key>25</key>
								<integer>4724</integer>
								<key>26</key>
								<integer>9246</integer>
								<key>27</key>
								<integer>130</integer>
								<key>28</key>
								<integer>1062256833</integer>
								<key>29</key>
								<integer>0</integer>
								<key>3</key>
								<integer>-1076949235</integer>
								<key>30</key>
								<integer>-1039840436</integer>
								<key>31</key>
								<integer>982552730</integer>
								<key>32</key>
								<integer>16</integer>
								<key>33</key>
								<integer>-1063441106</integer>
								<key>34</key>
								<integer>1008902816</integer>
								<key>35</key>
								<integer>4</integer>
								<key>36</key>
								<integer>-1059986974</integer>
								<key>37</key>
								<integer>0</integer>
								<key>38</key>
								<integer>234</integer>
								<key>39</key>
								<integer>1</integer>
								<key>4</key>
								<integer>-1076949235</integer>
								<key>40</key>
								<integer>-1047912930</integer>
								<key>41</key>
								<integer>1022423360</integer>
								<key>42</key>
								<integer>0</integer>
								<key>43</key>
								<data>
								RSWWvHa0y7xk
								1B68zLkYvBRE
								+Tvd8kM6usKs
								PEA8jDwkap48
								utYFvM8p7LyL
								F867Tg/ku9Uh
								FD3lKnO8yFQI
								Pc/PoLzKPoE9
								VliZvVAiGD1D
								Ua692FG0PaD8
								kb1s7dW8Cvd1
								P4AH1rx9+ZG9
								hGC0PYMirr06
								lRg9rRuZvShf
								gT0Kz6C8SkAI
								PbC7c7yNMxQ9
								0sniu9BQy7uM
								Ieu8wK0EvN4b
								nzwcZ4o8Xuer
								PN1Lhzk6gfk7
								OnQgvG5lGrzU
								Rc+8ogiRvJL8
								ELwRvBg8qQGU
								PM4QWzzNMaQ7
								QlzSu3iKYbsK
								SbK7kk/tuhTx
								lruJRKu6DVSw
								ORAuiLrWfoA6
								Hp+ZOAAAAAAA
								AAAAAAAAAAAA
								AAAAAAAAAAAA
								AAAAAAAAAAAA
								AAAAAAAAAAAA
								AAAAAAAAAAAA
								AAAAAAAAAAAA
								AAAAAAAAAAAA
								AAAAAAAAAAAA
								AAAAAAAAAAAA
								AAAAAAAAAAAA
								AAAAAAAAAAAA
								AAAAAAAAAAAA
								AAAAAAAAAAAA
								AAAAAAAAAAAA
								AAAAAAAAAAAA
								AAAAAAAAAAAA
								AAAAAAAAAAAA
								AAAAAAAAAAAA
								AAAAAAAAAAAA
								AAAAAAAAAAAA
								AAAAAAAAAAAA
								AAAAAAAAAAAA
								AAAAAAAAAAAA
								AAAAAAAAAAAA
								AAAAAAAAAAAA
								AAAAAAAAAAAA
								AAAAAAAAAAAA
								AAAAAAAAAACa
								srC7Y0/Tu/+3
								lLv0l7I5r0ST
								O4dM6DtPRRM8
								zbj/O+Y2ijtW
								lU67mDwmvK2+
								GLyKIpu7Sp34
								um8TZDkTvp+7
								UZuaOWcGRTrf
								22i7D3MfPOY9
								aTyK8oA94CaQ
								Pc3Y2z0d9Ik+
								N3BQPv60hz28
								u6M975E8PZYj
								DT2eVgk9Xp1G
								PfiKqz3S4U49
								E7QoPZLzJj3+
								XNg8D5bCPMiR
								lTyuLAM9dBEc
								PTXIDT0m1xE9
								o7/NPE+Cazye
								/qw7Xhdjuyen
								1LtqMOG7/Eo9
								uxlBXDt1St07
								kpvdO/gnTjt2
								Fp+6TB9fu5za
								ebsv4Eq7A5TZ
								uitNbDdKjzU6
								P09zOCMxIrpt
								VnS6N9iquxzN
								uLtj5XC7lxMi
								Oe/WVDsBH407
								KMBOO9ILWDn1
								ciO7L+CmuyDt
								3bue4My7DhNp
								u0im9jqJ+8E7
								SMSkOz/fcTuD
								/q46618ZO3Wr
								lDvWWeQ6c5P0
								O7L/zjvkHyw8
								jTzBO4rc27wJ
								i9C8CA22vV/0
								Mb4d7eO9Z36A
								vVu0gr1iViO9
								JtsOvYwn8rw1
								AkS9UTJzvQ2W
								Kb22Niu9aQQT
								vU2n3rzvEbC8
								mcWGvHkexLz8
								tKu86dpLvOic
								NbzF2eK7zCAv
								u2TPYTpu+pw7
								oyjHO5aduDv6
								0iA7afr8uq46
								j7sjqZK7q6Ae
								uxms8bjz6Ks6
								MH/gOstk3jra
								8q86emMsOkUl
								lrx2tMu8ZNQe
								vMy5GLwURPk7
								3fJDOrrCrDxA
								PIw8JGqePLrW
								BbzPKey8ixfO
								u04P5LvVIRQ9
								5SpzvMhUCD3P
								z6C8yj6BPVZY
								mb1QIhg9Q1Gu
								vdhRtD2g/JG9
								bO3VvAr3dT+A
								B9a8ffmRvYRg
								tD2DIq69OpUY
								Pa0bmb0oX4E9
								Cs+gvEpACD2w
								u3O8jTMUPdLJ
								4rvQUMu7jCHr
								vMCtBLzeG588
								HGeKPF7nqzzd
								S4c5OoH5Ozp0
								ILxuZRq81EXP
								vKIIkbyS/BC8
								EbwYPKkBlDzO
								EFs8zTGkO0Jc
								0rt4imG7Ckmy
								u5JP7boU8Za7
								iUSrug1UsDkQ
								Loi61n6AOh6f
								mTg=
								</data>
								<key>5</key>
								<integer>-1046185863</integer>
								<key>6</key>
								<integer>0</integer>
								<key>7</key>
								<integer>0</integer>
								<key>8</key>
								<integer>0</integer>
								<key>9</key>
								<integer>0</integer>
							</dict>
							<key>PatchbayInfo</key>
							<dict/>
						</dict>
						<key>DspFunction1</key>
						<dict>
							<key>FunctionInfo</key>
							<dict>
								<key>DspFuncInstance</key>
								<integer>1</integer>
								<key>DspFuncName</key>
								<string>DspEqualization32</string>
								<key>DspFuncProcessingIndex</key>
								<integer>1</integer>
							</dict>
							<key>ParameterInfo</key>
							<dict>
								<key>1</key>
								<integer>0</integer>
								<key>9</key>
								<integer>0</integer>
								<key>Filter</key>
								<array>
									<dict>
										<key>2</key>
										<integer>2</integer>
										<key>3</key>
										<integer>0</integer>
										<key>4</key>
										<integer>0</integer>
										<key>5</key>
										<integer>1</integer>
										<key>6</key>
										<integer>1114542943</integer>
										<key>7</key>
										<integer>1061845252</integer>
										<key>8</key>
										<integer>-1073584668</integer>
									</dict>
									<dict>
										<key>2</key>
										<integer>2</integer>
										<key>3</key>
										<integer>3</integer>
										<key>4</key>
										<integer>0</integer>
										<key>5</key>
										<integer>4</integer>
										<key>6</key>
										<integer>1137929378</integer>
										<key>7</key>
										<integer>1089680158</integer>
										<key>8</key>
										<integer>-1064796942</integer>
									</dict>
									<dict>
										<key>2</key>
										<integer>2</integer>
										<key>3</key>
										<integer>4</integer>
										<key>4</key>
										<integer>0</integer>
										<key>5</key>
										<integer>4</integer>
										<key>6</key>
										<integer>1152345619</integer>
										<key>7</key>
										<integer>1088767440</integer>
										<key>8</key>
										<integer>-1076100424</integer>
									</dict>
									<dict>
										<key>2</key>
										<integer>2</integer>
										<key>3</key>
										<integer>5</integer>
										<key>4</key>
										<integer>0</integer>
										<key>5</key>
										<integer>4</integer>
										<key>6</key>
										<integer>1135887454</integer>
										<key>7</key>
										<integer>1089919876</integer>
										<key>8</key>
										<integer>-1065330965</integer>
									</dict>
									<dict>
										<key>2</key>
										<integer>2</integer>
										<key>3</key>
										<integer>6</integer>
										<key>4</key>
										<integer>0</integer>
										<key>5</key>
										<integer>4</integer>
										<key>6</key>
										<integer>1143984359</integer>
										<key>7</key>
										<integer>1093556298</integer>
										<key>8</key>
										<integer>-1071716987</integer>
									</dict>
									<dict>
										<key>2</key>
										<integer>2</integer>
										<key>3</key>
										<integer>7</integer>
										<key>4</key>
										<integer>0</integer>
										<key>5</key>
										<integer>4</integer>
										<key>6</key>
										<integer>1137747062</integer>
										<key>7</key>
										<integer>1078912399</integer>
										<key>8</key>
										<integer>-1075032379</integer>
									</dict>
									<dict>
										<key>2</key>
										<integer>2</integer>
										<key>3</key>
										<integer>8</integer>
										<key>4</key>
										<integer>0</integer>
										<key>5</key>
										<integer>4</integer>
										<key>6</key>
										<integer>1145625189</integer>
										<key>7</key>
										<integer>1095183374</integer>
										<key>8</key>
										<integer>-1064796942</integer>
									</dict>
									<dict>
										<key>2</key>
										<integer>2</integer>
										<key>3</key>
										<integer>9</integer>
										<key>4</key>
										<integer>0</integer>
										<key>5</key>
										<integer>4</integer>
										<key>6</key>
										<integer>1142379991</integer>
										<key>7</key>
										<integer>1092693870</integer>
										<key>8</key>
										<integer>-1064529931</integer>
									</dict>
									<dict>
										<key>2</key>
										<integer>2</integer>
										<key>3</key>
										<integer>10</integer>
										<key>4</key>
										<integer>0</integer>
										<key>5</key>
										<integer>4</integer>
										<key>6</key>
										<integer>1141359030</integer>
										<key>7</key>
										<integer>1091606458</integer>
										<key>8</key>
										<integer>-1070648942</integer>
									</dict>
									<dict>
										<key>2</key>
										<integer>2</integer>
										<key>3</key>
										<integer>11</integer>
										<key>4</key>
										<integer>0</integer>
										<key>5</key>
										<integer>4</integer>
										<key>6</key>
										<integer>1161522738</integer>
										<key>7</key>
										<integer>1084098804</integer>
										<key>8</key>
										<integer>-1076100424</integer>
									</dict>
									<dict>
										<key>2</key>
										<integer>2</integer>
										<key>3</key>
										<integer>12</integer>
										<key>4</key>
										<integer>0</integer>
										<key>5</key>
										<integer>4</integer>
										<key>6</key>
										<integer>1140372391</integer>
										<key>7</key>
										<integer>1079556647</integer>
										<key>8</key>
										<integer>-1068512851</integer>
									</dict>
									<dict>
										<key>2</key>
										<integer>2</integer>
										<key>3</key>
										<integer>13</integer>
										<key>4</key>
										<integer>0</integer>
										<key>5</key>
										<integer>4</integer>
										<key>6</key>
										<integer>1167918267</integer>
										<key>7</key>
										<integer>1089771720</integer>
										<key>8</key>
										<integer>-1073964333</integer>
									</dict>
									<dict>
										<key>2</key>
										<integer>2</integer>
										<key>3</key>
										<integer>14</integer>
										<key>4</key>
										<integer>0</integer>
										<key>5</key>
										<integer>6</integer>
										<key>6</key>
										<integer>1165145230</integer>
										<key>7</key>
										<integer>1062065647</integer>
										<key>8</key>
										<integer>1074698615</integer>
									</dict>
									<dict>
										<key>2</key>
										<integer>2</integer>
										<key>3</key>
										<integer>15</integer>
										<key>4</key>
										<integer>0</integer>
										<key>5</key>
										<integer>4</integer>
										<key>6</key>
										<integer>1147156632</integer>
										<key>7</key>
										<integer>1097781408</integer>
										<key>8</key>
										<integer>-1073964333</integer>
									</dict>
									<dict>
										<key>2</key>
										<integer>2</integer>
										<key>3</key>
										<integer>18</integer>
										<key>4</key>
										<integer>0</integer>
										<key>5</key>
										<integer>4</integer>
										<key>6</key>
										<integer>1150713033</integer>
										<key>7</key>
										<integer>1087999300</integer>
										<key>8</key>
										<integer>-1066376759</integer>
									</dict>
									<dict>
										<key>2</key>
										<integer>2</integer>
										<key>3</key>
										<integer>20</integer>
										<key>4</key>
										<integer>0</integer>
										<key>5</key>
										<integer>4</integer>
										<key>6</key>
										<integer>1165682453</integer>
										<key>7</key>
										<integer>1084101498</integer>
										<key>8</key>
										<integer>-1075032379</integer>
									</dict>
									<dict>
										<key>2</key>
										<integer>2</integer>
										<key>3</key>
										<integer>29</integer>
										<key>4</key>
										<integer>0</integer>
										<key>5</key>
										<integer>0</integer>
										<key>6</key>
										<integer>1184300059</integer>
										<key>7</key>
										<integer>1060439283</integer>
										<key>8</key>
										<integer>-1069504319</integer>
									</dict>
								</array>
							</dict>
							<key>PatchbayInfo</key>
							<dict>
								<key>InputPort0</key>
								<dict>
									<key>PortInstance</key>
									<integer>0</integer>
									<key>PortWidth</key>
									<integer>1</integer>
									<key>SourceFuncInstance</key>
									<integer>0</integer>
									<key>SourcePortIndex</key>
									<integer>0</integer>
								</dict>
								<key>InputPort1</key>
								<dict>
									<key>PortInstance</key>
									<integer>1</integer>
									<key>PortWidth</key>
									<integer>1</integer>
									<key>SourceFuncInstance</key>
									<integer>0</integer>
									<key>SourcePortIndex</key>
									<integer>1</integer>
								</dict>
							</dict>
						</dict>
						<key>DspFunction10</key>
						<dict>
							<key>FunctionInfo</key>
							<dict>
								<key>DspFuncInstance</key>
								<integer>10</integer>
								<key>DspFuncName</key>
								<string>Dsp6ChOutput</string>
								<key>DspFuncProcessingIndex</key>
								<integer>10</integer>
							</dict>
							<key>ParameterInfo</key>
							<dict>
								<key>1</key>
								<integer>0</integer>
								<key>10</key>
								<integer>0</integer>
								<key>11</key>
								<integer>0</integer>
								<key>12</key>
								<integer>0</integer>
								<key>13</key>
								<integer>0</integer>
								<key>14</key>
								<integer>0</integer>
								<key>15</key>
								<integer>0</integer>
								<key>16</key>
								<integer>0</integer>
								<key>17</key>
								<integer>0</integer>
								<key>18</key>
								<integer>0</integer>
								<key>19</key>
								<integer>0</integer>
								<key>2</key>
								<integer>1042127714</integer>
								<key>20</key>
								<integer>-1082501884</integer>
								<key>21</key>
								<integer>1075838976</integer>
								<key>22</key>
								<integer>-1080404732</integer>
								<key>23</key>
								<integer>1073741824</integer>
								<key>24</key>
								<integer>997314560</integer>
								<key>25</key>
								<integer>1075838976</integer>
								<key>3</key>
								<integer>1042127714</integer>
								<key>4</key>
								<integer>0</integer>
								<key>5</key>
								<integer>0</integer>
								<key>6</key>
								<integer>0</integer>
								<key>7</key>
								<integer>0</integer>
								<key>8</key>
								<integer>0</integer>
								<key>9</key>
								<integer>0</integer>
							</dict>
							<key>PatchbayInfo</key>
							<dict>
								<key>InputPort0</key>
								<dict>
									<key>PortInstance</key>
									<integer>0</integer>
									<key>PortWidth</key>
									<integer>1</integer>
									<key>SourceFuncInstance</key>
									<integer>8</integer>
									<key>SourcePortIndex</key>
									<integer>0</integer>
								</dict>
								<key>InputPort1</key>
								<dict>
									<key>PortInstance</key>
									<integer>1</integer>
									<key>PortWidth</key>
									<integer>1</integer>
									<key>SourceFuncInstance</key>
									<integer>8</integer>
									<key>SourcePortIndex</key>
									<integer>1</integer>
								</dict>
								<key>InputPort2</key>
								<dict>
									<key>PortInstance</key>
									<integer>2</integer>
									<key>PortWidth</key>
									<integer>1</integer>
									<key>SourceFuncInstance</key>
									<integer>9</integer>
									<key>SourcePortIndex</key>
									<integer>0</integer>
								</dict>
								<key>InputPort3</key>
								<dict>
									<key>PortInstance</key>
									<integer>3</integer>
									<key>PortWidth</key>
									<integer>1</integer>
									<key>SourceFuncInstance</key>
									<integer>9</integer>
									<key>SourcePortIndex</key>
									<integer>1</integer>
								</dict>
								<key>InputPort4</key>
								<dict>
									<key>PortInstance</key>
									<integer>4</integer>
									<key>PortWidth</key>
									<integer>1</integer>
									<key>SourceFuncInstance</key>
									<integer>7</integer>
									<key>SourcePortIndex</key>
									<integer>0</integer>
								</dict>
								<key>InputPort5</key>
								<dict>
									<key>PortInstance</key>
									<integer>5</integer>
									<key>PortWidth</key>
									<integer>1</integer>
									<key>SourceFuncInstance</key>
									<integer>7</integer>
									<key>SourcePortIndex</key>
									<integer>1</integer>
								</dict>
							</dict>
						</dict>
						<key>DspFunction2</key>
						<dict>
							<key>FunctionInfo</key>
							<dict>
								<key>DspFuncInstance</key>
								<integer>2</integer>
								<key>DspFuncName</key>
								<string>DspMultiBandCompressor</string>
								<key>DspFuncProcessingIndex</key>
								<integer>2</integer>
							</dict>
							<key>ParameterInfo</key>
							<dict>
								<key>1</key>
								<integer>0</integer>
								<key>2</key>
								<integer>0</integer>
								<key>21</key>
								<integer>0</integer>
								<key>26</key>
								<integer>1141298627</integer>
								<key>27</key>
								<integer>1165952183</integer>
								<key>28</key>
								<integer>1184645120</integer>
								<key>29</key>
								<integer>1</integer>
								<key>3</key>
								<integer>2</integer>
								<key>30</key>
								<integer>0</integer>
								<key>Compressor</key>
								<array>
									<dict>
										<key>10</key>
										<integer>1116471296</integer>
										<key>11</key>
										<integer>0</integer>
										<key>12</key>
										<integer>1065353216</integer>
										<key>13</key>
										<integer>0</integer>
										<key>14</key>
										<integer>0</integer>
										<key>15</key>
										<integer>1068403619</integer>
										<key>16</key>
										<integer>-1047527424</integer>
										<key>17</key>
										<integer>1071225242</integer>
										<key>18</key>
										<integer>1078774989</integer>
										<key>19</key>
										<integer>0</integer>
										<key>4</key>
										<integer>0</integer>
										<key>5</key>
										<integer>0</integer>
										<key>6</key>
										<integer>0</integer>
										<key>7</key>
										<integer>0</integer>
										<key>8</key>
										<integer>1</integer>
										<key>9</key>
										<integer>1101803965</integer>
									</dict>
									<dict>
										<key>10</key>
										<integer>1116471296</integer>
										<key>11</key>
										<integer>0</integer>
										<key>12</key>
										<integer>1065353216</integer>
										<key>13</key>
										<integer>0</integer>
										<key>14</key>
										<integer>0</integer>
										<key>15</key>
										<integer>1070691421</integer>
										<key>16</key>
										<integer>-1047527424</integer>
										<key>17</key>
										<integer>1071225242</integer>
										<key>18</key>
										<integer>1078984704</integer>
										<key>19</key>
										<integer>0</integer>
										<key>4</key>
										<integer>1</integer>
										<key>5</key>
										<integer>0</integer>
										<key>6</key>
										<integer>0</integer>
										<key>7</key>
										<integer>0</integer>
										<key>8</key>
										<integer>1</integer>
										<key>9</key>
										<integer>1101803965</integer>
									</dict>
									<dict>
										<key>10</key>
										<integer>1116486276</integer>
										<key>11</key>
										<integer>0</integer>
										<key>12</key>
										<integer>1065353216</integer>
										<key>13</key>
										<integer>0</integer>
										<key>14</key>
										<integer>0</integer>
										<key>15</key>
										<integer>1069547520</integer>
										<key>16</key>
										<integer>-1047527424</integer>
										<key>17</key>
										<integer>1071225242</integer>
										<key>18</key>
										<integer>1078984704</integer>
										<key>19</key>
										<integer>0</integer>
										<key>4</key>
										<integer>2</integer>
										<key>5</key>
										<integer>0</integer>
										<key>6</key>
										<integer>0</integer>
										<key>7</key>
										<integer>0</integer>
										<key>8</key>
										<integer>1</integer>
										<key>9</key>
										<integer>1101803965</integer>
									</dict>
								</array>
							</dict>
							<key>PatchbayInfo</key>
							<dict>
								<key>InputPort0</key>
								<dict>
									<key>PortInstance</key>
									<integer>0</integer>
									<key>PortWidth</key>
									<integer>1</integer>
									<key>SourceFuncInstance</key>
									<integer>1</integer>
									<key>SourcePortIndex</key>
									<integer>0</integer>
								</dict>
								<key>InputPort1</key>
								<dict>
									<key>PortInstance</key>
									<integer>1</integer>
									<key>PortWidth</key>
									<integer>1</integer>
									<key>SourceFuncInstance</key>
									<integer>1</integer>
									<key>SourcePortIndex</key>
									<integer>1</integer>
								</dict>
							</dict>
						</dict>
						<key>DspFunction3</key>
						<dict>
							<key>FunctionInfo</key>
							<dict>
								<key>DspFuncInstance</key>
								<integer>3</integer>
								<key>DspFuncName</key>
								<string>DspMultiBandCompressor</string>
								<key>DspFuncProcessingIndex</key>
								<integer>3</integer>
							</dict>
							<key>ParameterInfo</key>
							<dict>
								<key>1</key>
								<integer>0</integer>
								<key>2</key>
								<integer>0</integer>
								<key>21</key>
								<integer>0</integer>
								<key>26</key>
								<integer>1141293056</integer>
								<key>27</key>
								<integer>1166018926</integer>
								<key>28</key>
								<integer>1184645120</integer>
								<key>29</key>
								<integer>1</integer>
								<key>3</key>
								<integer>2</integer>
								<key>30</key>
								<integer>0</integer>
								<key>Compressor</key>
								<array>
									<dict>
										<key>10</key>
										<integer>1116486276</integer>
										<key>11</key>
										<integer>-1057185362</integer>
										<key>12</key>
										<integer>1077497508</integer>
										<key>13</key>
										<integer>0</integer>
										<key>14</key>
										<integer>1</integer>
										<key>15</key>
										<integer>1068403619</integer>
										<key>16</key>
										<integer>-1032847360</integer>
										<key>17</key>
										<integer>1065353216</integer>
										<key>18</key>
										<integer>0</integer>
										<key>19</key>
										<integer>0</integer>
										<key>4</key>
										<integer>0</integer>
										<key>5</key>
										<integer>0</integer>
										<key>6</key>
										<integer>0</integer>
										<key>7</key>
										<integer>0</integer>
										<key>8</key>
										<integer>1</integer>
										<key>9</key>
										<integer>1084227584</integer>
									</dict>
									<dict>
										<key>10</key>
										<integer>1116207280</integer>
										<key>11</key>
										<integer>-1057875212</integer>
										<key>12</key>
										<integer>1077497508</integer>
										<key>13</key>
										<integer>0</integer>
										<key>14</key>
										<integer>1</integer>
										<key>15</key>
										<integer>1069547520</integer>
										<key>16</key>
										<integer>-1032847360</integer>
										<key>17</key>
										<integer>1065353216</integer>
										<key>18</key>
										<integer>0</integer>
										<key>19</key>
										<integer>0</integer>
										<key>4</key>
										<integer>1</integer>
										<key>5</key>
										<integer>0</integer>
										<key>6</key>
										<integer>0</integer>
										<key>7</key>
										<integer>0</integer>
										<key>8</key>
										<integer>1</integer>
										<key>9</key>
										<integer>1084227584</integer>
									</dict>
									<dict>
										<key>10</key>
										<integer>1116207280</integer>
										<key>11</key>
										<integer>-1057185362</integer>
										<key>12</key>
										<integer>1077497508</integer>
										<key>13</key>
										<integer>0</integer>
										<key>14</key>
										<integer>1</integer>
										<key>15</key>
										<integer>1069547520</integer>
										<key>16</key>
										<integer>-1032847360</integer>
										<key>17</key>
										<integer>1065353216</integer>
										<key>18</key>
										<integer>0</integer>
										<key>19</key>
										<integer>0</integer>
										<key>4</key>
										<integer>2</integer>
										<key>5</key>
										<integer>0</integer>
										<key>6</key>
										<integer>0</integer>
										<key>7</key>
										<integer>0</integer>
										<key>8</key>
										<integer>1</integer>
										<key>9</key>
										<integer>1084227584</integer>
									</dict>
								</array>
							</dict>
							<key>PatchbayInfo</key>
							<dict>
								<key>InputPort0</key>
								<dict>
									<key>PortInstance</key>
									<integer>0</integer>
									<key>PortWidth</key>
									<integer>1</integer>
									<key>SourceFuncInstance</key>
									<integer>2</integer>
									<key>SourcePortIndex</key>
									<integer>0</integer>
								</dict>
								<key>InputPort1</key>
								<dict>
									<key>PortInstance</key>
									<integer>1</integer>
									<key>PortWidth</key>
									<integer>1</integer>
									<key>SourceFuncInstance</key>
									<integer>2</integer>
									<key>SourcePortIndex</key>
									<integer>1</integer>
								</dict>
							</dict>
						</dict>
						<key>DspFunction4</key>
						<dict>
							<key>FunctionInfo</key>
							<dict>
								<key>DspFuncInstance</key>
								<integer>4</integer>
								<key>DspFuncName</key>
								<string>DspLimiter</string>
								<key>DspFuncProcessingIndex</key>
								<integer>4</integer>
							</dict>
							<key>ParameterInfo</key>
							<dict>
								<key>1</key>
								<integer>0</integer>
								<key>2</key>
								<integer>1065353208</integer>
								<key>3</key>
								<integer>1101105625</integer>
								<key>4</key>
								<integer>0</integer>
								<key>5</key>
								<integer>0</integer>
							</dict>
							<key>PatchbayInfo</key>
							<dict>
								<key>InputPort0</key>
								<dict>
									<key>PortInstance</key>
									<integer>0</integer>
									<key>PortWidth</key>
									<integer>1</integer>
									<key>SourceFuncInstance</key>
									<integer>3</integer>
									<key>SourcePortIndex</key>
									<integer>0</integer>
								</dict>
								<key>InputPort1</key>
								<dict>
									<key>PortInstance</key>
									<integer>1</integer>
									<key>PortWidth</key>
									<integer>1</integer>
									<key>SourceFuncInstance</key>
									<integer>3</integer>
									<key>SourcePortIndex</key>
									<integer>1</integer>
								</dict>
							</dict>
						</dict>
						<key>DspFunction5</key>
						<dict>
							<key>FunctionInfo</key>
							<dict>
								<key>DspFuncInstance</key>
								<integer>5</integer>
								<key>DspFuncName</key>
								<string>DspLoudness</string>
								<key>DspFuncProcessingIndex</key>
								<integer>5</integer>
							</dict>
							<key>ParameterInfo</key>
							<dict>
								<key>1</key>
								<integer>0</integer>
								<key>10</key>
								<integer>1140457472</integer>
								<key>11</key>
								<integer>1152445519</integer>
								<key>12</key>
								<integer>1053815654</integer>
								<key>13</key>
								<integer>1054344781</integer>
								<key>14</key>
								<integer>-1059586048</integer>
								<key>15</key>
								<integer>-1037858343</integer>
								<key>16</key>
								<integer>-1044183877</integer>
								<key>17</key>
								<integer>-1043591232</integer>
								<key>2</key>
								<integer>0</integer>
								<key>3</key>
								<integer>0</integer>
								<key>4</key>
								<integer>0</integer>
								<key>5</key>
								<integer>0</integer>
							</dict>
							<key>PatchbayInfo</key>
							<dict>
								<key>InputPort0</key>
								<dict>
									<key>PortInstance</key>
									<integer>0</integer>
									<key>PortWidth</key>
									<integer>1</integer>
									<key>SourceFuncInstance</key>
									<integer>4</integer>
									<key>SourcePortIndex</key>
									<integer>0</integer>
								</dict>
								<key>InputPort1</key>
								<dict>
									<key>PortInstance</key>
									<integer>1</integer>
									<key>PortWidth</key>
									<integer>1</integer>
									<key>SourceFuncInstance</key>
									<integer>4</integer>
									<key>SourcePortIndex</key>
									<integer>1</integer>
								</dict>
							</dict>
						</dict>
						<key>DspFunction6</key>
						<dict>
							<key>FunctionInfo</key>
							<dict>
								<key>DspFuncInstance</key>
								<integer>6</integer>
								<key>DspFuncName</key>
								<string>Dsp2To6Splitter</string>
								<key>DspFuncProcessingIndex</key>
								<integer>6</integer>
							</dict>
							<key>ParameterInfo</key>
							<dict/>
							<key>PatchbayInfo</key>
							<dict>
								<key>InputPort0</key>
								<dict>
									<key>PortInstance</key>
									<integer>0</integer>
									<key>PortWidth</key>
									<integer>1</integer>
									<key>SourceFuncInstance</key>
									<integer>5</integer>
									<key>SourcePortIndex</key>
									<integer>0</integer>
								</dict>
								<key>InputPort1</key>
								<dict>
									<key>PortInstance</key>
									<integer>1</integer>
									<key>PortWidth</key>
									<integer>1</integer>
									<key>SourceFuncInstance</key>
									<integer>5</integer>
									<key>SourcePortIndex</key>
									<integer>1</integer>
								</dict>
							</dict>
						</dict>
						<key>DspFunction7</key>
						<dict>
							<key>FunctionInfo</key>
							<dict>
								<key>DspFuncInstance</key>
								<integer>7</integer>
								<key>DspFuncName</key>
								<string>DspEqualization32</string>
								<key>DspFuncProcessingIndex</key>
								<integer>7</integer>
							</dict>
							<key>ParameterInfo</key>
							<dict>
								<key>1</key>
								<integer>0</integer>
								<key>9</key>
								<integer>0</integer>
								<key>Filter</key>
								<array>
									<dict>
										<key>2</key>
										<integer>0</integer>
										<key>3</key>
										<integer>0</integer>
										<key>4</key>
										<integer>0</integer>
										<key>5</key>
										<integer>1</integer>
										<key>6</key>
										<integer>1120568754</integer>
										<key>7</key>
										<integer>1060439283</integer>
										<key>8</key>
										<integer>-1069504319</integer>
									</dict>
									<dict>
										<key>2</key>
										<integer>0</integer>
										<key>3</key>
										<integer>5</integer>
										<key>4</key>
										<integer>0</integer>
										<key>5</key>
										<integer>4</integer>
										<key>6</key>
										<integer>1137491822</integer>
										<key>7</key>
										<integer>1088033519</integer>
										<key>8</key>
										<integer>-1063728896</integer>
									</dict>
									<dict>
										<key>2</key>
										<integer>0</integer>
										<key>3</key>
										<integer>6</integer>
										<key>4</key>
										<integer>0</integer>
										<key>5</key>
										<integer>4</integer>
										<key>6</key>
										<integer>1129103214</integer>
										<key>7</key>
										<integer>1084082724</integer>
										<key>8</key>
										<integer>-1073319056</integer>
									</dict>
									<dict>
										<key>2</key>
										<integer>0</integer>
										<key>3</key>
										<integer>7</integer>
										<key>4</key>
										<integer>0</integer>
										<key>5</key>
										<integer>4</integer>
										<key>6</key>
										<integer>1142234139</integer>
										<key>7</key>
										<integer>1072984895</integer>
										<key>8</key>
										<integer>-1061058782</integer>
									</dict>
									<dict>
										<key>2</key>
										<integer>0</integer>
										<key>3</key>
										<integer>10</integer>
										<key>4</key>
										<integer>0</integer>
										<key>5</key>
										<integer>4</integer>
										<key>6</key>
										<integer>1143419184</integer>
										<key>7</key>
										<integer>1086061911</integer>
										<key>8</key>
										<integer>-1085023055</integer>
									</dict>
									<dict>
										<key>2</key>
										<integer>0</integer>
										<key>3</key>
										<integer>11</integer>
										<key>4</key>
										<integer>0</integer>
										<key>5</key>
										<integer>4</integer>
										<key>6</key>
										<integer>1145132940</integer>
										<key>7</key>
										<integer>1096145077</integer>
										<key>8</key>
										<integer>-1079304561</integer>
									</dict>
									<dict>
										<key>2</key>
										<integer>0</integer>
										<key>3</key>
										<integer>12</integer>
										<key>4</key>
										<integer>0</integer>
										<key>5</key>
										<integer>4</integer>
										<key>6</key>
										<integer>1159316076</integer>
										<key>7</key>
										<integer>1085517997</integer>
										<key>8</key>
										<integer>-1092343618</integer>
									</dict>
									<dict>
										<key>2</key>
										<integer>0</integer>
										<key>3</key>
										<integer>13</integer>
										<key>4</key>
										<integer>0</integer>
										<key>5</key>
										<integer>4</integer>
										<key>6</key>
										<integer>1155272356</integer>
										<key>7</key>
										<integer>1090774988</integer>
										<key>8</key>
										<integer>-1082886964</integer>
									</dict>
									<dict>
										<key>2</key>
										<integer>0</integer>
										<key>3</key>
										<integer>14</integer>
										<key>4</key>
										<integer>0</integer>
										<key>5</key>
										<integer>4</integer>
										<key>6</key>
										<integer>1160997309</integer>
										<key>7</key>
										<integer>1088560539</integer>
										<key>8</key>
										<integer>-1085023055</integer>
									</dict>
									<dict>
										<key>2</key>
										<integer>0</integer>
										<key>3</key>
										<integer>20</integer>
										<key>4</key>
										<integer>0</integer>
										<key>5</key>
										<integer>4</integer>
										<key>6</key>
										<integer>1173235548</integer>
										<key>7</key>
										<integer>1101647151</integer>
										<key>8</key>
										<integer>-1082886964</integer>
									</dict>
									<dict>
										<key>2</key>
										<integer>0</integer>
										<key>3</key>
										<integer>21</integer>
										<key>4</key>
										<integer>0</integer>
										<key>5</key>
										<integer>4</integer>
										<key>6</key>
										<integer>1166054585</integer>
										<key>7</key>
										<integer>1090571255</integer>
										<key>8</key>
										<integer>-1081440652</integer>
									</dict>
									<dict>
										<key>2</key>
										<integer>0</integer>
										<key>3</key>
										<integer>22</integer>
										<key>4</key>
										<integer>0</integer>
										<key>5</key>
										<integer>4</integer>
										<key>6</key>
										<integer>1169862571</integer>
										<key>7</key>
										<integer>1094770880</integer>
										<key>8</key>
										<integer>-1082886964</integer>
									</dict>
									<dict>
										<key>2</key>
										<integer>0</integer>
										<key>3</key>
										<integer>23</integer>
										<key>4</key>
										<integer>0</integer>
										<key>5</key>
										<integer>4</integer>
										<key>6</key>
										<integer>1173285684</integer>
										<key>7</key>
										<integer>1058092677</integer>
										<key>8</key>
										<integer>-1102868317</integer>
									</dict>
									<dict>
										<key>2</key>
										<integer>0</integer>
										<key>3</key>
										<integer>24</integer>
										<key>4</key>
										<integer>0</integer>
										<key>5</key>
										<integer>4</integer>
										<key>6</key>
										<integer>1180329632</integer>
										<key>7</key>
										<integer>1092355288</integer>
										<key>8</key>
										<integer>-1045917011</integer>
									</dict>
									<dict>
										<key>2</key>
										<integer>0</integer>
										<key>3</key>
										<integer>27</integer>
										<key>4</key>
										<integer>0</integer>
										<key>5</key>
										<integer>4</integer>
										<key>6</key>
										<integer>1177353122</integer>
										<key>7</key>
										<integer>1090715318</integer>
										<key>8</key>
										<integer>-1056475087</integer>
									</dict>
									<dict>
										<key>2</key>
										<integer>0</integer>
										<key>3</key>
										<integer>28</integer>
										<key>4</key>
										<integer>0</integer>
										<key>5</key>
										<integer>6</integer>
										<key>6</key>
										<integer>1180502924</integer>
										<key>7</key>
										<integer>1105353126</integer>
										<key>8</key>
										<integer>-1044448449</integer>
									</dict>
									<dict>
										<key>2</key>
										<integer>0</integer>
										<key>3</key>
										<integer>31</integer>
										<key>4</key>
										<integer>0</integer>
										<key>5</key>
										<integer>6</integer>
										<key>6</key>
										<integer>1179299360</integer>
										<key>7</key>
										<integer>1104120676</integer>
										<key>8</key>
										<integer>-1061325794</integer>
									</dict>
									<dict>
										<key>2</key>
										<integer>1</integer>
										<key>3</key>
										<integer>0</integer>
										<key>4</key>
										<integer>0</integer>
										<key>5</key>
										<integer>1</integer>
										<key>6</key>
										<integer>1120714606</integer>
										<key>7</key>
										<integer>1060439283</integer>
										<key>8</key>
										<integer>-1069504319</integer>
									</dict>
									<dict>
										<key>2</key>
										<integer>1</integer>
										<key>3</key>
										<integer>1</integer>
										<key>4</key>
										<integer>0</integer>
										<key>5</key>
										<integer>5</integer>
										<key>6</key>
										<integer>1130153346</integer>
										<key>7</key>
										<integer>1056964608</integer>
										<key>8</key>
										<integer>-1073319056</integer>
									</dict>
									<dict>
										<key>2</key>
										<integer>1</integer>
										<key>3</key>
										<integer>2</integer>
										<key>4</key>
										<integer>0</integer>
										<key>5</key>
										<integer>4</integer>
										<key>6</key>
										<integer>1133626754</integer>
										<key>7</key>
										<integer>1083215173</integer>
										<key>8</key>
										<integer>-1072251010</integer>
									</dict>
									<dict>
										<key>2</key>
										<integer>1</integer>
										<key>3</key>
										<integer>3</integer>
										<key>4</key>
										<integer>0</integer>
										<key>5</key>
										<integer>4</integer>
										<key>6</key>
										<integer>1136908415</integer>
										<key>7</key>
										<integer>1084694309</integer>
										<key>8</key>
										<integer>-1072785033</integer>
									</dict>
									<dict>
										<key>2</key>
										<integer>1</integer>
										<key>3</key>
										<integer>4</integer>
										<key>4</key>
										<integer>0</integer>
										<key>5</key>
										<integer>4</integer>
										<key>6</key>
										<integer>1133954920</integer>
										<key>7</key>
										<integer>1086658373</integer>
										<key>8</key>
										<integer>-1064529931</integer>
									</dict>
									<dict>
										<key>2</key>
										<integer>1</integer>
										<key>3</key>
										<integer>5</integer>
										<key>4</key>
										<integer>0</integer>
										<key>5</key>
										<integer>4</integer>
										<key>6</key>
										<integer>1143601498</integer>
										<key>7</key>
										<integer>1085182530</integer>
										<key>8</key>
										<integer>-1075032379</integer>
									</dict>
									<dict>
										<key>2</key>
										<integer>1</integer>
										<key>3</key>
										<integer>6</integer>
										<key>4</key>
										<integer>0</integer>
										<key>5</key>
										<integer>4</integer>
										<key>6</key>
										<integer>1140518243</integer>
										<key>7</key>
										<integer>1074717725</integer>
										<key>8</key>
										<integer>-1063194874</integer>
									</dict>
									<dict>
										<key>2</key>
										<integer>1</integer>
										<key>3</key>
										<integer>7</integer>
										<key>4</key>
										<integer>0</integer>
										<key>5</key>
										<integer>4</integer>
										<key>6</key>
										<integer>1147193095</integer>
										<key>7</key>
										<integer>1091339664</integer>
										<key>8</key>
										<integer>-1079304561</integer>
									</dict>
									<dict>
										<key>2</key>
										<integer>1</integer>
										<key>3</key>
										<integer>8</integer>
										<key>4</key>
										<integer>0</integer>
										<key>5</key>
										<integer>4</integer>
										<key>6</key>
										<integer>1149565323</integer>
										<key>7</key>
										<integer>1089118200</integer>
										<key>8</key>
										<integer>-1081440652</integer>
									</dict>
									<dict>
										<key>2</key>
										<integer>1</integer>
										<key>3</key>
										<integer>9</integer>
										<key>4</key>
										<integer>0</integer>
										<key>5</key>
										<integer>4</integer>
										<key>6</key>
										<integer>1163556445</integer>
										<key>7</key>
										<integer>1085195110</integer>
										<key>8</key>
										<integer>-1063194874</integer>
									</dict>
									<dict>
										<key>2</key>
										<integer>1</integer>
										<key>3</key>
										<integer>10</integer>
										<key>4</key>
										<integer>0</integer>
										<key>5</key>
										<integer>4</integer>
										<key>6</key>
										<integer>1165323082</integer>
										<key>7</key>
										<integer>1077965559</integer>
										<key>8</key>
										<integer>-1063728896</integer>
									</dict>
									<dict>
										<key>2</key>
										<integer>1</integer>
										<key>3</key>
										<integer>11</integer>
										<key>4</key>
										<integer>0</integer>
										<key>5</key>
										<integer>4</integer>
										<key>6</key>
										<integer>1151361121</integer>
										<key>7</key>
										<integer>1083041882</integer>
										<key>8</key>
										<integer>-1072785033</integer>
									</dict>
									<dict>
										<key>2</key>
										<integer>1</integer>
										<key>3</key>
										<integer>12</integer>
										<key>4</key>
										<integer>0</integer>
										<key>5</key>
										<integer>4</integer>
										<key>6</key>
										<integer>1158084302</integer>
										<key>7</key>
										<integer>1078332377</integer>
										<key>8</key>
										<integer>-1070648942</integer>
									</dict>
									<dict>
										<key>2</key>
										<integer>1</integer>
										<key>3</key>
										<integer>13</integer>
										<key>4</key>
										<integer>0</integer>
										<key>5</key>
										<integer>4</integer>
										<key>6</key>
										<integer>1161987002</integer>
										<key>7</key>
										<integer>1076548942</integer>
										<key>8</key>
										<integer>-1073319056</integer>
									</dict>
									<dict>
										<key>2</key>
										<integer>1</integer>
										<key>3</key>
										<integer>14</integer>
										<key>4</key>
										<integer>0</integer>
										<key>5</key>
										<integer>4</integer>
										<key>6</key>
										<integer>1160197615</integer>
										<key>7</key>
										<integer>1088420539</integer>
										<key>8</key>
										<integer>-1064796942</integer>
									</dict>
									<dict>
										<key>2</key>
										<integer>1</integer>
										<key>3</key>
										<integer>15</integer>
										<key>4</key>
										<integer>0</integer>
										<key>5</key>
										<integer>4</integer>
										<key>6</key>
										<integer>1166641141</integer>
										<key>7</key>
										<integer>1084289885</integer>
										<key>8</key>
										<integer>-1069580896</integer>
									</dict>
									<dict>
										<key>2</key>
										<integer>1</integer>
										<key>3</key>
										<integer>16</integer>
										<key>4</key>
										<integer>0</integer>
										<key>5</key>
										<integer>4</integer>
										<key>6</key>
										<integer>1169745744</integer>
										<key>7</key>
										<integer>1084771751</integer>
										<key>8</key>
										<integer>-1081440652</integer>
									</dict>
									<dict>
										<key>2</key>
										<integer>1</integer>
										<key>3</key>
										<integer>17</integer>
										<key>4</key>
										<integer>0</integer>
										<key>5</key>
										<integer>4</integer>
										<key>6</key>
										<integer>1171310610</integer>
										<key>7</key>
										<integer>1086196127</integer>
										<key>8</key>
										<integer>-1076100424</integer>
									</dict>
									<dict>
										<key>2</key>
										<integer>1</integer>
										<key>3</key>
										<integer>18</integer>
										<key>4</key>
										<integer>0</integer>
										<key>5</key>
										<integer>4</integer>
										<key>6</key>
										<integer>1166980719</integer>
										<key>7</key>
										<integer>1059059715</integer>
										<key>8</key>
										<integer>1050867848</integer>
									</dict>
									<dict>
										<key>2</key>
										<integer>1</integer>
										<key>3</key>
										<integer>19</integer>
										<key>4</key>
										<integer>0</integer>
										<key>5</key>
										<integer>0</integer>
										<key>6</key>
										<integer>1181183912</integer>
										<key>7</key>
										<integer>1060439283</integer>
										<key>8</key>
										<integer>-1069504319</integer>
									</dict>
									<dict>
										<key>2</key>
										<integer>1</integer>
										<key>3</key>
										<integer>21</integer>
										<key>4</key>
										<integer>0</integer>
										<key>5</key>
										<integer>4</integer>
										<key>6</key>
										<integer>1126769589</integer>
										<key>7</key>
										<integer>1066988734</integer>
										<key>8</key>
										<integer>-1073964333</integer>
									</dict>
									<dict>
										<key>2</key>
										<integer>1</integer>
										<key>3</key>
										<integer>22</integer>
										<key>4</key>
										<integer>0</integer>
										<key>5</key>
										<integer>4</integer>
										<key>6</key>
										<integer>1124173429</integer>
										<key>7</key>
										<integer>1065745490</integer>
										<key>8</key>
										<integer>-1077168470</integer>
									</dict>
									<dict>
										<key>2</key>
										<integer>1</integer>
										<key>3</key>
										<integer>23</integer>
										<key>4</key>
										<integer>0</integer>
										<key>5</key>
										<integer>4</integer>
										<key>6</key>
										<integer>1179641486</integer>
										<key>7</key>
										<integer>1099561011</integer>
										<key>8</key>
										<integer>-1065842737</integer>
									</dict>
									<dict>
										<key>2</key>
										<integer>1</integer>
										<key>3</key>
										<integer>24</integer>
										<key>4</key>
										<integer>0</integer>
										<key>5</key>
										<integer>4</integer>
										<key>6</key>
										<integer>1167535180</integer>
										<key>7</key>
										<integer>1080673494</integer>
										<key>8</key>
										<integer>-1071716987</integer>
									</dict>
									<dict>
										<key>2</key>
										<integer>1</integer>
										<key>3</key>
										<integer>25</integer>
										<key>4</key>
										<integer>0</integer>
										<key>5</key>
										<integer>4</integer>
										<key>6</key>
										<integer>1177305902</integer>
										<key>7</key>
										<integer>1082023747</integer>
										<key>8</key>
										<integer>-1066376759</integer>
									</dict>
									<dict>
										<key>2</key>
										<integer>1</integer>
										<key>3</key>
										<integer>26</integer>
										<key>4</key>
										<integer>0</integer>
										<key>5</key>
										<integer>4</integer>
										<key>6</key>
										<integer>1179413286</integer>
										<key>7</key>
										<integer>1089933368</integer>
										<key>8</key>
										<integer>-1053137444</integer>
									</dict>
									<dict>
										<key>2</key>
										<integer>1</integer>
										<key>3</key>
										<integer>27</integer>
										<key>4</key>
										<integer>0</integer>
										<key>5</key>
										<integer>4</integer>
										<key>6</key>
										<integer>1183761217</integer>
										<key>7</key>
										<integer>1082175605</integer>
										<key>8</key>
										<integer>-1047252068</integer>
									</dict>
								</array>
							</dict>
							<key>PatchbayInfo</key>
							<dict>
								<key>InputPort0</key>
								<dict>
									<key>PortInstance</key>
									<integer>0</integer>
									<key>PortWidth</key>
									<integer>1</integer>
									<key>SourceFuncInstance</key>
									<integer>6</integer>
									<key>SourcePortIndex</key>
									<integer>4</integer>
								</dict>
								<key>InputPort1</key>
								<dict>
									<key>PortInstance</key>
									<integer>1</integer>
									<key>PortWidth</key>
									<integer>1</integer>
									<key>SourceFuncInstance</key>
									<integer>6</integer>
									<key>SourcePortIndex</key>
									<integer>5</integer>
								</dict>
							</dict>
						</dict>
						<key>DspFunction8</key>
						<dict>
							<key>FunctionInfo</key>
							<dict>
								<key>DspFuncInstance</key>
								<integer>8</integer>
								<key>DspFuncName</key>
								<string>DspEqualization32</string>
								<key>DspFuncProcessingIndex</key>
								<integer>8</integer>
							</dict>
							<key>ParameterInfo</key>
							<dict>
								<key>1</key>
								<integer>0</integer>
								<key>9</key>
								<integer>0</integer>
								<key>Filter</key>
								<array>
									<dict>
										<key>2</key>
										<integer>0</integer>
										<key>3</key>
										<integer>0</integer>
										<key>4</key>
										<integer>0</integer>
										<key>5</key>
										<integer>1</integer>
										<key>6</key>
										<integer>1150713033</integer>
										<key>7</key>
										<integer>1060439283</integer>
										<key>8</key>
										<integer>-1069504319</integer>
									</dict>
									<dict>
										<key>2</key>
										<integer>0</integer>
										<key>3</key>
										<integer>4</integer>
										<key>4</key>
										<integer>0</integer>
										<key>5</key>
										<integer>4</integer>
										<key>6</key>
										<integer>1150495127</integer>
										<key>7</key>
										<integer>1097538682</integer>
										<key>8</key>
										<integer>-1068512851</integer>
									</dict>
									<dict>
										<key>2</key>
										<integer>0</integer>
										<key>3</key>
										<integer>5</integer>
										<key>4</key>
										<integer>0</integer>
										<key>5</key>
										<integer>4</integer>
										<key>6</key>
										<integer>1157955741</integer>
										<key>7</key>
										<integer>1070443426</integer>
										<key>8</key>
										<integer>-1072251010</integer>
									</dict>
									<dict>
										<key>2</key>
										<integer>0</integer>
										<key>3</key>
										<integer>6</integer>
										<key>4</key>
										<integer>0</integer>
										<key>5</key>
										<integer>4</integer>
										<key>6</key>
										<integer>1176505150</integer>
										<key>7</key>
										<integer>1075481253</integer>
										<key>8</key>
										<integer>-1058388668</integer>
									</dict>
									<dict>
										<key>2</key>
										<integer>0</integer>
										<key>3</key>
										<integer>7</integer>
										<key>4</key>
										<integer>0</integer>
										<key>5</key>
										<integer>4</integer>
										<key>6</key>
										<integer>1178510510</integer>
										<key>7</key>
										<integer>1075004619</integer>
										<key>8</key>
										<integer>-1056608593</integer>
									</dict>
									<dict>
										<key>2</key>
										<integer>0</integer>
										<key>3</key>
										<integer>8</integer>
										<key>4</key>
										<integer>0</integer>
										<key>5</key>
										<integer>4</integer>
										<key>6</key>
										<integer>1160628210</integer>
										<key>7</key>
										<integer>1090875332</integer>
										<key>8</key>
										<integer>-1072251010</integer>
									</dict>
									<dict>
										<key>2</key>
										<integer>0</integer>
										<key>3</key>
										<integer>9</integer>
										<key>4</key>
										<integer>0</integer>
										<key>5</key>
										<integer>4</integer>
										<key>6</key>
										<integer>1148616342</integer>
										<key>7</key>
										<integer>1077433053</integer>
										<key>8</key>
										<integer>-1048053103</integer>
									</dict>
									<dict>
										<key>2</key>
										<integer>0</integer>
										<key>3</key>
										<integer>10</integer>
										<key>4</key>
										<integer>0</integer>
										<key>5</key>
										<integer>4</integer>
										<key>6</key>
										<integer>1163975993</integer>
										<key>7</key>
										<integer>1091009545</integer>
										<key>8</key>
										<integer>-1075032379</integer>
									</dict>
									<dict>
										<key>2</key>
										<integer>0</integer>
										<key>3</key>
										<integer>11</integer>
										<key>4</key>
										<integer>0</integer>
										<key>5</key>
										<integer>4</integer>
										<key>6</key>
										<integer>1180416056</integer>
										<key>7</key>
										<integer>1071814576</integer>
										<key>8</key>
										<integer>-1060524760</integer>
									</dict>
									<dict>
										<key>2</key>
										<integer>0</integer>
										<key>3</key>
										<integer>12</integer>
										<key>4</key>
										<integer>0</integer>
										<key>5</key>
										<integer>4</integer>
										<key>6</key>
										<integer>1172592555</integer>
										<key>7</key>
										<integer>1083620781</integer>
										<key>8</key>
										<integer>-1056742098</integer>
									</dict>
									<dict>
										<key>2</key>
										<integer>0</integer>
										<key>3</key>
										<integer>13</integer>
										<key>4</key>
										<integer>0</integer>
										<key>5</key>
										<integer>4</integer>
										<key>6</key>
										<integer>1166379968</integer>
										<key>7</key>
										<integer>1090475432</integer>
										<key>8</key>
										<integer>-1087159146</integer>
									</dict>
									<dict>
										<key>2</key>
										<integer>0</integer>
										<key>3</key>
										<integer>14</integer>
										<key>4</key>
										<integer>0</integer>
										<key>5</key>
										<integer>4</integer>
										<key>6</key>
										<integer>1174374187</integer>
										<key>7</key>
										<integer>1084530119</integer>
										<key>8</key>
										<integer>-1060791771</integer>
									</dict>
									<dict>
										<key>2</key>
										<integer>0</integer>
										<key>3</key>
										<integer>15</integer>
										<key>4</key>
										<integer>0</integer>
										<key>5</key>
										<integer>4</integer>
										<key>6</key>
										<integer>1170099945</integer>
										<key>7</key>
										<integer>1092873681</integer>
										<key>8</key>
										<integer>-1081440652</integer>
									</dict>
									<dict>
										<key>2</key>
										<integer>0</integer>
										<key>3</key>
										<integer>23</integer>
										<key>4</key>
										<integer>0</integer>
										<key>5</key>
										<integer>4</integer>
										<key>6</key>
										<integer>1180073001</integer>
										<key>7</key>
										<integer>1096378499</integer>
										<key>8</key>
										<integer>-1071182965</integer>
									</dict>
									<dict>
										<key>2</key>
										<integer>0</integer>
										<key>3</key>
										<integer>24</integer>
										<key>4</key>
										<integer>0</integer>
										<key>5</key>
										<integer>4</integer>
										<key>6</key>
										<integer>1182113329</integer>
										<key>7</key>
										<integer>1073512570</integer>
										<key>8</key>
										<integer>-1057320623</integer>
									</dict>
									<dict>
										<key>2</key>
										<integer>0</integer>
										<key>3</key>
										<integer>25</integer>
										<key>4</key>
										<integer>0</integer>
										<key>5</key>
										<integer>0</integer>
										<key>6</key>
										<integer>1183510487</integer>
										<key>7</key>
										<integer>1060439283</integer>
										<key>8</key>
										<integer>-1069504319</integer>
									</dict>
									<dict>
										<key>2</key>
										<integer>0</integer>
										<key>3</key>
										<integer>26</integer>
										<key>4</key>
										<integer>0</integer>
										<key>5</key>
										<integer>4</integer>
										<key>6</key>
										<integer>1170676879</integer>
										<key>7</key>
										<integer>1090407806</integer>
										<key>8</key>
										<integer>-1055273536</integer>
									</dict>
									<dict>
										<key>2</key>
										<integer>0</integer>
										<key>3</key>
										<integer>27</integer>
										<key>4</key>
										<integer>0</integer>
										<key>5</key>
										<integer>4</integer>
										<key>6</key>
										<integer>1183282974</integer>
										<key>7</key>
										<integer>1074042960</integer>
										<key>8</key>
										<integer>-1059990737</integer>
									</dict>
									<dict>
										<key>2</key>
										<integer>0</integer>
										<key>3</key>
										<integer>28</integer>
										<key>4</key>
										<integer>0</integer>
										<key>5</key>
										<integer>4</integer>
										<key>6</key>
										<integer>1175339667</integer>
										<key>7</key>
										<integer>1092844956</integer>
										<key>8</key>
										<integer>-1079304561</integer>
									</dict>
									<dict>
										<key>2</key>
										<integer>1</integer>
										<key>3</key>
										<integer>0</integer>
										<key>4</key>
										<integer>0</integer>
										<key>5</key>
										<integer>1</integer>
										<key>6</key>
										<integer>1150713033</integer>
										<key>7</key>
										<integer>1060439283</integer>
										<key>8</key>
										<integer>-1069504319</integer>
									</dict>
									<dict>
										<key>2</key>
										<integer>1</integer>
										<key>3</key>
										<integer>3</integer>
										<key>4</key>
										<integer>0</integer>
										<key>5</key>
										<integer>4</integer>
										<key>6</key>
										<integer>1151647659</integer>
										<key>7</key>
										<integer>1089083187</integer>
										<key>8</key>
										<integer>-1065063953</integer>
									</dict>
									<dict>
										<key>2</key>
										<integer>1</integer>
										<key>3</key>
										<integer>4</integer>
										<key>4</key>
										<integer>0</integer>
										<key>5</key>
										<integer>4</integer>
										<key>6</key>
										<integer>1145895634</integer>
										<key>7</key>
										<integer>1075652514</integer>
										<key>8</key>
										<integer>-1064796942</integer>
									</dict>
									<dict>
										<key>2</key>
										<integer>1</integer>
										<key>3</key>
										<integer>5</integer>
										<key>4</key>
										<integer>0</integer>
										<key>5</key>
										<integer>4</integer>
										<key>6</key>
										<integer>1127627299</integer>
										<key>7</key>
										<integer>1060432182</integer>
										<key>8</key>
										<integer>-1115529107</integer>
									</dict>
									<dict>
										<key>2</key>
										<integer>1</integer>
										<key>3</key>
										<integer>6</integer>
										<key>4</key>
										<integer>0</integer>
										<key>5</key>
										<integer>4</integer>
										<key>6</key>
										<integer>1161639432</integer>
										<key>7</key>
										<integer>1095168556</integer>
										<key>8</key>
										<integer>-1077168470</integer>
									</dict>
									<dict>
										<key>2</key>
										<integer>1</integer>
										<key>3</key>
										<integer>7</integer>
										<key>4</key>
										<integer>0</integer>
										<key>5</key>
										<integer>4</integer>
										<key>6</key>
										<integer>1159145036</integer>
										<key>7</key>
										<integer>1075342084</integer>
										<key>8</key>
										<integer>-1064529931</integer>
									</dict>
									<dict>
										<key>2</key>
										<integer>1</integer>
										<key>3</key>
										<integer>8</integer>
										<key>4</key>
										<integer>0</integer>
										<key>5</key>
										<integer>4</integer>
										<key>6</key>
										<integer>1155272356</integer>
										<key>7</key>
										<integer>1081430000</integer>
										<key>8</key>
										<integer>-1070648942</integer>
									</dict>
									<dict>
										<key>2</key>
										<integer>1</integer>
										<key>3</key>
										<integer>9</integer>
										<key>4</key>
										<integer>0</integer>
										<key>5</key>
										<integer>4</integer>
										<key>6</key>
										<integer>1153215221</integer>
										<key>7</key>
										<integer>1082987778</integer>
										<key>8</key>
										<integer>-1061592805</integer>
									</dict>
									<dict>
										<key>2</key>
										<integer>1</integer>
										<key>3</key>
										<integer>10</integer>
										<key>4</key>
										<integer>0</integer>
										<key>5</key>
										<integer>4</integer>
										<key>6</key>
										<integer>1166907267</integer>
										<key>7</key>
										<integer>1080609816</integer>
										<key>8</key>
										<integer>-1071182965</integer>
									</dict>
									<dict>
										<key>2</key>
										<integer>1</integer>
										<key>3</key>
										<integer>11</integer>
										<key>4</key>
										<integer>0</integer>
										<key>5</key>
										<integer>4</integer>
										<key>6</key>
										<integer>1167079243</integer>
										<key>7</key>
										<integer>1083411249</integer>
										<key>8</key>
										<integer>-1077168470</integer>
									</dict>
									<dict>
										<key>2</key>
										<integer>1</integer>
										<key>3</key>
										<integer>13</integer>
										<key>4</key>
										<integer>0</integer>
										<key>5</key>
										<integer>4</integer>
										<key>6</key>
										<integer>1171019555</integer>
										<key>7</key>
										<integer>1085766528</integer>
										<key>8</key>
										<integer>-1063995908</integer>
									</dict>
									<dict>
										<key>2</key>
										<integer>1</integer>
										<key>3</key>
										<integer>14</integer>
										<key>4</key>
										<integer>0</integer>
										<key>5</key>
										<integer>4</integer>
										<key>6</key>
										<integer>1174042162</integer>
										<key>7</key>
										<integer>1072381888</integer>
										<key>8</key>
										<integer>-1058388668</integer>
									</dict>
									<dict>
										<key>2</key>
										<integer>1</integer>
										<key>3</key>
										<integer>15</integer>
										<key>4</key>
										<integer>0</integer>
										<key>5</key>
										<integer>4</integer>
										<key>6</key>
										<integer>1181549974</integer>
										<key>7</key>
										<integer>1067655061</integer>
										<key>8</key>
										<integer>-1061592805</integer>
									</dict>
									<dict>
										<key>2</key>
										<integer>1</integer>
										<key>3</key>
										<integer>16</integer>
										<key>4</key>
										<integer>0</integer>
										<key>5</key>
										<integer>4</integer>
										<key>6</key>
										<integer>1169862571</integer>
										<key>7</key>
										<integer>1083201463</integer>
										<key>8</key>
										<integer>-1060257748</integer>
									</dict>
									<dict>
										<key>2</key>
										<integer>1</integer>
										<key>3</key>
										<integer>17</integer>
										<key>4</key>
										<integer>0</integer>
										<key>5</key>
										<integer>4</integer>
										<key>6</key>
										<integer>1166123656</integer>
										<key>7</key>
										<integer>1084890005</integer>
										<key>8</key>
										<integer>-1065330965</integer>
									</dict>
									<dict>
										<key>2</key>
										<integer>1</integer>
										<key>3</key>
										<integer>23</integer>
										<key>4</key>
										<integer>0</integer>
										<key>5</key>
										<integer>4</integer>
										<key>6</key>
										<integer>1179299360</integer>
										<key>7</key>
										<integer>1076114022</integer>
										<key>8</key>
										<integer>-1066910782</integer>
									</dict>
									<dict>
										<key>2</key>
										<integer>1</integer>
										<key>3</key>
										<integer>24</integer>
										<key>4</key>
										<integer>0</integer>
										<key>5</key>
										<integer>4</integer>
										<key>6</key>
										<integer>1179380491</integer>
										<key>7</key>
										<integer>1060031297</integer>
										<key>8</key>
										<integer>-1055273536</integer>
									</dict>
									<dict>
										<key>2</key>
										<integer>1</integer>
										<key>3</key>
										<integer>25</integer>
										<key>4</key>
										<integer>0</integer>
										<key>5</key>
										<integer>0</integer>
										<key>6</key>
										<integer>1181366005</integer>
										<key>7</key>
										<integer>1060439283</integer>
										<key>8</key>
										<integer>-1069504319</integer>
									</dict>
									<dict>
										<key>2</key>
										<integer>1</integer>
										<key>3</key>
										<integer>26</integer>
										<key>4</key>
										<integer>0</integer>
										<key>5</key>
										<integer>4</integer>
										<key>6</key>
										<integer>1176933899</integer>
										<key>7</key>
										<integer>1082983986</integer>
										<key>8</key>
										<integer>-1073964333</integer>
									</dict>
									<dict>
										<key>2</key>
										<integer>1</integer>
										<key>3</key>
										<integer>27</integer>
										<key>4</key>
										<integer>0</integer>
										<key>5</key>
										<integer>4</integer>
										<key>6</key>
										<integer>1182337133</integer>
										<key>7</key>
										<integer>1092978925</integer>
										<key>8</key>
										<integer>-1075032379</integer>
									</dict>
								</array>
							</dict>
							<key>PatchbayInfo</key>
							<dict>
								<key>InputPort0</key>
								<dict>
									<key>PortInstance</key>
									<integer>0</integer>
									<key>PortWidth</key>
									<integer>1</integer>
									<key>SourceFuncInstance</key>
									<integer>6</integer>
									<key>SourcePortIndex</key>
									<integer>0</integer>
								</dict>
								<key>InputPort1</key>
								<dict>
									<key>PortInstance</key>
									<integer>1</integer>
									<key>PortWidth</key>
									<integer>1</integer>
									<key>SourceFuncInstance</key>
									<integer>6</integer>
									<key>SourcePortIndex</key>
									<integer>1</integer>
								</dict>
							</dict>
						</dict>
						<key>DspFunction9</key>
						<dict>
							<key>FunctionInfo</key>
							<dict>
								<key>DspFuncInstance</key>
								<integer>9</integer>
								<key>DspFuncName</key>
								<string>DspEqualization32</string>
								<key>DspFuncProcessingIndex</key>
								<integer>9</integer>
							</dict>
							<key>ParameterInfo</key>
							<dict>
								<key>1</key>
								<integer>0</integer>
								<key>9</key>
								<integer>0</integer>
								<key>Filter</key>
								<array>
									<dict>
										<key>2</key>
										<integer>2</integer>
										<key>3</key>
										<integer>0</integer>
										<key>4</key>
										<integer>0</integer>
										<key>5</key>
										<integer>1</integer>
										<key>6</key>
										<integer>1122027271</integer>
										<key>7</key>
										<integer>1059517660</integer>
										<key>8</key>
										<integer>-1066558100</integer>
									</dict>
									<dict>
										<key>2</key>
										<integer>2</integer>
										<key>3</key>
										<integer>1</integer>
										<key>4</key>
										<integer>0</integer>
										<key>5</key>
										<integer>5</integer>
										<key>6</key>
										<integer>1122756529</integer>
										<key>7</key>
										<integer>1067105802</integer>
										<key>8</key>
										<integer>-1062126828</integer>
									</dict>
									<dict>
										<key>2</key>
										<integer>2</integer>
										<key>3</key>
										<integer>5</integer>
										<key>4</key>
										<integer>0</integer>
										<key>5</key>
										<integer>4</integer>
										<key>6</key>
										<integer>1128446882</integer>
										<key>7</key>
										<integer>1085210615</integer>
										<key>8</key>
										<integer>-1069046873</integer>
									</dict>
									<dict>
										<key>2</key>
										<integer>2</integer>
										<key>3</key>
										<integer>6</integer>
										<key>4</key>
										<integer>0</integer>
										<key>5</key>
										<integer>4</integer>
										<key>6</key>
										<integer>1133881994</integer>
										<key>7</key>
										<integer>1082289307</integer>
										<key>8</key>
										<integer>-1063194874</integer>
									</dict>
									<dict>
										<key>2</key>
										<integer>2</integer>
										<key>3</key>
										<integer>10</integer>
										<key>4</key>
										<integer>0</integer>
										<key>5</key>
										<integer>4</integer>
										<key>6</key>
										<integer>1136981341</integer>
										<key>7</key>
										<integer>1081148774</integer>
										<key>8</key>
										<integer>-1064529931</integer>
									</dict>
									<dict>
										<key>2</key>
										<integer>2</integer>
										<key>3</key>
										<integer>12</integer>
										<key>4</key>
										<integer>0</integer>
										<key>5</key>
										<integer>4</integer>
										<key>6</key>
										<integer>1140190077</integer>
										<key>7</key>
										<integer>1086577799</integer>
										<key>8</key>
										<integer>-1053537962</integer>
									</dict>
									<dict>
										<key>2</key>
										<integer>2</integer>
										<key>3</key>
										<integer>13</integer>
										<key>4</key>
										<integer>0</integer>
										<key>5</key>
										<integer>4</integer>
										<key>6</key>
										<integer>1141431955</integer>
										<key>7</key>
										<integer>1087685067</integer>
										<key>8</key>
										<integer>-1066910782</integer>
									</dict>
									<dict>
										<key>2</key>
										<integer>2</integer>
										<key>3</key>
										<integer>14</integer>
										<key>4</key>
										<integer>0</integer>
										<key>5</key>
										<integer>4</integer>
										<key>6</key>
										<integer>1144166674</integer>
										<key>7</key>
										<integer>1089397319</integer>
										<key>8</key>
										<integer>-1077168470</integer>
									</dict>
									<dict>
										<key>2</key>
										<integer>2</integer>
										<key>3</key>
										<integer>15</integer>
										<key>4</key>
										<integer>0</integer>
										<key>5</key>
										<integer>4</integer>
										<key>6</key>
										<integer>1150376623</integer>
										<key>7</key>
										<integer>1075239789</integer>
										<key>8</key>
										<integer>-1066910782</integer>
									</dict>
									<dict>
										<key>2</key>
										<integer>2</integer>
										<key>3</key>
										<integer>16</integer>
										<key>4</key>
										<integer>0</integer>
										<key>5</key>
										<integer>4</integer>
										<key>6</key>
										<integer>1158409576</integer>
										<key>7</key>
										<integer>1088421684</integer>
										<key>8</key>
										<integer>-1081440652</integer>
									</dict>
									<dict>
										<key>2</key>
										<integer>2</integer>
										<key>3</key>
										<integer>17</integer>
										<key>4</key>
										<integer>0</integer>
										<key>5</key>
										<integer>4</integer>
										<key>6</key>
										<integer>1160960115</integer>
										<key>7</key>
										<integer>1083753574</integer>
										<key>8</key>
										<integer>-1072251010</integer>
									</dict>
									<dict>
										<key>2</key>
										<integer>2</integer>
										<key>3</key>
										<integer>18</integer>
										<key>4</key>
										<integer>0</integer>
										<key>5</key>
										<integer>4</integer>
										<key>6</key>
										<integer>1164836898</integer>
										<key>7</key>
										<integer>1094235315</integer>
										<key>8</key>
										<integer>-1076100424</integer>
									</dict>
									<dict>
										<key>2</key>
										<integer>2</integer>
										<key>3</key>
										<integer>19</integer>
										<key>4</key>
										<integer>0</integer>
										<key>5</key>
										<integer>4</integer>
										<key>6</key>
										<integer>1164103261</integer>
										<key>7</key>
										<integer>1076788982</integer>
										<key>8</key>
										<integer>-1058922691</integer>
									</dict>
									<dict>
										<key>2</key>
										<integer>2</integer>
										<key>3</key>
										<integer>23</integer>
										<key>4</key>
										<integer>0</integer>
										<key>5</key>
										<integer>4</integer>
										<key>6</key>
										<integer>1166761488</integer>
										<key>7</key>
										<integer>1092967881</integer>
										<key>8</key>
										<integer>-1069580896</integer>
									</dict>
									<dict>
										<key>2</key>
										<integer>2</integer>
										<key>3</key>
										<integer>28</integer>
										<key>4</key>
										<integer>0</integer>
										<key>5</key>
										<integer>4</integer>
										<key>6</key>
										<integer>1178821207</integer>
										<key>7</key>
										<integer>1082386077</integer>
										<key>8</key>
										<integer>-1045716753</integer>
									</dict>
									<dict>
										<key>2</key>
										<integer>2</integer>
										<key>3</key>
										<integer>29</integer>
										<key>4</key>
										<integer>0</integer>
										<key>5</key>
										<integer>4</integer>
										<key>6</key>
										<integer>1179932123</integer>
										<key>7</key>
										<integer>1082249789</integer>
										<key>8</key>
										<integer>-1047719338</integer>
									</dict>
									<dict>
										<key>2</key>
										<integer>2</integer>
										<key>3</key>
										<integer>30</integer>
										<key>4</key>
										<integer>0</integer>
										<key>5</key>
										<integer>6</integer>
										<key>6</key>
										<integer>1180561084</integer>
										<key>7</key>
										<integer>1105412682</integer>
										<key>8</key>
										<integer>-1058655680</integer>
									</dict>
									<dict>
										<key>2</key>
										<integer>2</integer>
										<key>3</key>
										<integer>31</integer>
										<key>4</key>
										<integer>0</integer>
										<key>5</key>
										<integer>6</integer>
										<key>6</key>
										<integer>1183009805</integer>
										<key>7</key>
										<integer>1058754411</integer>
										<key>8</key>
										<integer>-1052870433</integer>
									</dict>
								</array>
							</dict>
							<key>PatchbayInfo</key>
							<dict>
								<key>InputPort0</key>
								<dict>
									<key>PortInstance</key>
									<integer>0</integer>
									<key>PortWidth</key>
									<integer>1</integer>
									<key>SourceFuncInstance</key>
									<integer>6</integer>
									<key>SourcePortIndex</key>
									<integer>2</integer>
								</dict>
								<key>InputPort1</key>
								<dict>
									<key>PortInstance</key>
									<integer>1</integer>
									<key>PortWidth</key>
									<integer>1</integer>
									<key>SourceFuncInstance</key>
									<integer>6</integer>
									<key>SourcePortIndex</key>
									<integer>3</integer>
								</dict>
							</dict>
						</dict>
					</dict>
				</dict>
			</dict>
			<key>Mic</key>
			<dict>
				<key>MuteGPIO</key>
				<integer>1342242840</integer>
				<key>SignalProcessing</key>
				<dict>
					<key>SoftwareDSP</key>
					<dict>
						<key>DspFunction0</key>
						<dict>
							<key>FunctionInfo</key>
							<dict>
								<key>DspFuncInstance</key>
								<integer>0</integer>
								<key>DspFuncName</key>
								<string>DspNoiseReduction</string>
								<key>DspFuncProcessingIndex</key>
								<integer>0</integer>
							</dict>
							<key>ParameterInfo</key>
							<dict>
								<key>1</key>
								<integer>0</integer>
								<key>2</key>
								<integer>1</integer>
								<key>3</key>
								<integer>0</integer>
								<key>4</key>
								<integer>-1073029587</integer>
								<key>5</key>
								<data>
								UNiAwmgCb8Kc
								oIHCjGeGwko3
								g8KLS3nClQV9
								wnr7hMLRp43C
								AIiSwlajlcLn
								K5jCHMuYwrl9
								lcJXm4/CBhmQ
								wuJvlMKbxJTC
								7qyUwtjDl8KU
								+ZzCnCaewsmu
								ncK/i5/CJtSe
								wp8um8Lex5rC
								2QCdwq1lnsJ1
								05zC9qmcwrMc
								nsLj/qDCZs2h
								whtCocIFoZ/C
								CxOewrxwncIK
								iZrCyO+Ywsmt
								msID5p7CeNqf
								whNMncKWIp3C
								hrycwiJcm8Ik
								jJ3CsKqfwuBy
								n8Iu8ZvCvyiW
								whbdkcIEu4vC
								UfWLwoYrlcIy
								5J3Ci9ycwp0l
								nsK0QaDCOiyg
								wnxdn8IztJ7C
								iq2fwhFzosLI
								ZaPCwUOjwo6T
								osIkR6LC6veh
								wtrwosIdtJ/C
								XLmbwlSZmcKD
								hJXCDFGRwnV6
								j8JTjY/CrqGQ
								wgqYk8INzpjC
								uTufwrjlocKv
								iKPC5Yqlwgdm
								pcKZ2aXCGium
								wq95osJOIJ/C
								xl+ewtWGl8Km
								PJPC+sSawkdH
								o8JWB6LCskyh
								wqk7pcIth6nC
								h4Wswk+crcK9
								J6zCYJWqwmVJ
								q8K8063C+1Gu
								wiQAqMJjvZ/C
								jo2hwsParsLR
								XrXCec63wr6I
								ucLzD7rCuQy7
								wjs8vsKfJsLC
								xgrFwqVeyMIT
								6srCU+nMwv+M
								0MKaftbCpcjd
								wm+p5sL/CfHC
								HcT8wrp3A8Pi
								JAzD
								</data>
							</dict>
							<key>PatchbayInfo</key>
							<dict/>
						</dict>
						<key>DspFunction1</key>
						<dict>
							<key>FunctionInfo</key>
							<dict>
								<key>DspFuncInstance</key>
								<integer>1</integer>
								<key>DspFuncName</key>
								<string>DspEqualization32</string>
								<key>DspFuncProcessingIndex</key>
								<integer>1</integer>
							</dict>
							<key>ParameterInfo</key>
							<dict>
								<key>1</key>
								<integer>0</integer>
								<key>9</key>
								<integer>0</integer>
								<key>Filter</key>
								<array>
									<dict>
										<key>2</key>
										<integer>2</integer>
										<key>3</key>
										<integer>0</integer>
										<key>4</key>
										<integer>0</integer>
										<key>5</key>
										<integer>1</integer>
										<key>6</key>
										<integer>1119939268</integer>
										<key>7</key>
										<integer>1060439283</integer>
										<key>8</key>
										<integer>-1069504319</integer>
									</dict>
									<dict>
										<key>2</key>
										<integer>2</integer>
										<key>3</key>
										<integer>4</integer>
										<key>4</key>
										<integer>0</integer>
										<key>5</key>
										<integer>4</integer>
										<key>6</key>
										<integer>1165674830</integer>
										<key>7</key>
										<integer>1106304591</integer>
										<key>8</key>
										<integer>-1073964333</integer>
									</dict>
									<dict>
										<key>2</key>
										<integer>2</integer>
										<key>3</key>
										<integer>5</integer>
										<key>4</key>
										<integer>0</integer>
										<key>5</key>
										<integer>4</integer>
										<key>6</key>
										<integer>1141348835</integer>
										<key>7</key>
										<integer>1084737706</integer>
										<key>8</key>
										<integer>-1065063953</integer>
									</dict>
									<dict>
										<key>2</key>
										<integer>2</integer>
										<key>3</key>
										<integer>6</integer>
										<key>4</key>
										<integer>0</integer>
										<key>5</key>
										<integer>4</integer>
										<key>6</key>
										<integer>1139052693</integer>
										<key>7</key>
										<integer>1080938866</integer>
										<key>8</key>
										<integer>-1073319056</integer>
									</dict>
									<dict>
										<key>2</key>
										<integer>2</integer>
										<key>3</key>
										<integer>8</integer>
										<key>4</key>
										<integer>0</integer>
										<key>5</key>
										<integer>4</integer>
										<key>6</key>
										<integer>1161958655</integer>
										<key>7</key>
										<integer>1099668786</integer>
										<key>8</key>
										<integer>-1073319056</integer>
									</dict>
									<dict>
										<key>2</key>
										<integer>2</integer>
										<key>3</key>
										<integer>9</integer>
										<key>4</key>
										<integer>0</integer>
										<key>5</key>
										<integer>4</integer>
										<key>6</key>
										<integer>1148922426</integer>
										<key>7</key>
										<integer>1086508776</integer>
										<key>8</key>
										<integer>-1076100424</integer>
									</dict>
									<dict>
										<key>2</key>
										<integer>2</integer>
										<key>3</key>
										<integer>10</integer>
										<key>4</key>
										<integer>0</integer>
										<key>5</key>
										<integer>4</integer>
										<key>6</key>
										<integer>1169908270</integer>
										<key>7</key>
										<integer>1106659062</integer>
										<key>8</key>
										<integer>-1078236516</integer>
									</dict>
									<dict>
										<key>2</key>
										<integer>2</integer>
										<key>3</key>
										<integer>11</integer>
										<key>4</key>
										<integer>0</integer>
										<key>5</key>
										<integer>4</integer>
										<key>6</key>
										<integer>1168889995</integer>
										<key>7</key>
										<integer>1103911084</integer>
										<key>8</key>
										<integer>-1082886964</integer>
									</dict>
									<dict>
										<key>2</key>
										<integer>2</integer>
										<key>3</key>
										<integer>12</integer>
										<key>4</key>
										<integer>0</integer>
										<key>5</key>
										<integer>4</integer>
										<key>6</key>
										<integer>1160729473</integer>
										<key>7</key>
										<integer>1095247586</integer>
										<key>8</key>
										<integer>-1076100424</integer>
									</dict>
									<dict>
										<key>2</key>
										<integer>2</integer>
										<key>3</key>
										<integer>19</integer>
										<key>4</key>
										<integer>0</integer>
										<key>5</key>
										<integer>4</integer>
										<key>6</key>
										<integer>1171440929</integer>
										<key>7</key>
										<integer>1103785747</integer>
										<key>8</key>
										<integer>-1075032379</integer>
									</dict>
									<dict>
										<key>2</key>
										<integer>2</integer>
										<key>3</key>
										<integer>21</integer>
										<key>4</key>
										<integer>0</integer>
										<key>5</key>
										<integer>4</integer>
										<key>6</key>
										<integer>1163187837</integer>
										<key>7</key>
										<integer>1102690138</integer>
										<key>8</key>
										<integer>-1073319056</integer>
									</dict>
									<dict>
										<key>2</key>
										<integer>2</integer>
										<key>3</key>
										<integer>23</integer>
										<key>4</key>
										<integer>0</integer>
										<key>5</key>
										<integer>4</integer>
										<key>6</key>
										<integer>1172459204</integer>
										<key>7</key>
										<integer>1098523915</integer>
										<key>8</key>
										<integer>-1062927862</integer>
									</dict>
									<dict>
										<key>2</key>
										<integer>2</integer>
										<key>3</key>
										<integer>24</integer>
										<key>4</key>
										<integer>0</integer>
										<key>5</key>
										<integer>4</integer>
										<key>6</key>
										<integer>1175303133</integer>
										<key>7</key>
										<integer>1102375714</integer>
										<key>8</key>
										<integer>-1061058782</integer>
									</dict>
									<dict>
										<key>2</key>
										<integer>2</integer>
										<key>3</key>
										<integer>25</integer>
										<key>4</key>
										<integer>0</integer>
										<key>5</key>
										<integer>4</integer>
										<key>6</key>
										<integer>1179874390</integer>
										<key>7</key>
										<integer>1097945441</integer>
										<key>8</key>
										<integer>-1054338996</integer>
									</dict>
									<dict>
										<key>2</key>
										<integer>2</integer>
										<key>3</key>
										<integer>26</integer>
										<key>4</key>
										<integer>0</integer>
										<key>5</key>
										<integer>4</integer>
										<key>6</key>
										<integer>1167504019</integer>
										<key>7</key>
										<integer>1102555367</integer>
										<key>8</key>
										<integer>-1044515201</integer>
									</dict>
									<dict>
										<key>2</key>
										<integer>2</integer>
										<key>3</key>
										<integer>27</integer>
										<key>4</key>
										<integer>0</integer>
										<key>5</key>
										<integer>4</integer>
										<key>6</key>
										<integer>1177335863</integer>
										<key>7</key>
										<integer>1102845396</integer>
										<key>8</key>
										<integer>-1054739513</integer>
									</dict>
									<dict>
										<key>2</key>
										<integer>2</integer>
										<key>3</key>
										<integer>31</integer>
										<key>4</key>
										<integer>0</integer>
										<key>5</key>
										<integer>0</integer>
										<key>6</key>
										<integer>1184146588</integer>
										<key>7</key>
										<integer>1060439283</integer>
										<key>8</key>
										<integer>-1069504319</integer>
									</dict>
								</array>
							</dict>
							<key>PatchbayInfo</key>
							<dict>
								<key>InputPort0</key>
								<dict>
									<key>PortInstance</key>
									<integer>0</integer>
									<key>PortWidth</key>
									<integer>1</integer>
									<key>SourceFuncInstance</key>
									<integer>0</integer>
									<key>SourcePortIndex</key>
									<integer>0</integer>
								</dict>
								<key>InputPort1</key>
								<dict>
									<key>PortInstance</key>
									<integer>1</integer>
									<key>PortWidth</key>
									<integer>1</integer>
									<key>SourceFuncInstance</key>
									<integer>0</integer>
									<key>SourcePortIndex</key>
									<integer>1</integer>
								</dict>
							</dict>
						</dict>
						<key>DspFunction2</key>
						<dict>
							<key>FunctionInfo</key>
							<dict>
								<key>DspFuncInstance</key>
								<integer>2</integer>
								<key>DspFuncName</key>
								<string>DspGainStage</string>
								<key>DspFuncProcessingIndex</key>
								<integer>2</integer>
							</dict>
							<key>ParameterInfo</key>
							<dict>
								<key>1</key>
								<integer>0</integer>
								<key>2</key>
								<integer>1065353216</integer>
								<key>3</key>
								<integer>1065353216</integer>
							</dict>
							<key>PatchbayInfo</key>
							<dict>
								<key>InputPort0</key>
								<dict>
									<key>PortInstance</key>
									<integer>0</integer>
									<key>PortWidth</key>
									<integer>1</integer>
									<key>SourceFuncInstance</key>
									<integer>1</integer>
									<key>SourcePortIndex</key>
									<integer>0</integer>
								</dict>
								<key>InputPort1</key>
								<dict>
									<key>PortInstance</key>
									<integer>1</integer>
									<key>PortWidth</key>
									<integer>1</integer>
									<key>SourceFuncInstance</key>
									<integer>1</integer>
									<key>SourcePortIndex</key>
									<integer>1</integer>
								</dict>
							</dict>
						</dict>
					</dict>
				</dict>
			</dict>
			<key>Outputs</key>
			<array>
				<string>Headphone</string>
				<string>IntSpeaker</string>
				<string>LineOut</string>
			</array>
			<key>PathMapID</key>
			<integer>86</integer>
		</dict>
	</array>
</dict>
</plist>
